City_ID,City,Country,Date,Lat,Lng,Max Temp,Humidity,Cloudiness,Wind Speed
0,Leningradskiy,RU,2022-11-09 18:09:21,69.3833,178.4167,3.0,86,100,7.38
1,Zhigansk,RU,2022-11-09 18:09:22,66.7697,123.3711,-5.84,97,100,12.21
2,Tuktoyaktuk,CA,2022-11-09 18:09:22,69.4541,-133.0374,11.79,93,56,3.71
3,Ushuaia,AR,2022-11-09 18:06:00,-54.8,-68.3,51.42,53,40,25.32
4,Bredasdorp,ZA,2022-11-09 18:09:23,-34.5322,20.0403,60.71,53,94,8.16
5,Upernavik,GL,2022-11-09 18:09:23,72.7868,-56.1549,10.62,86,100,0.83
6,Cidreira,BR,2022-11-09 18:09:23,-30.1811,-50.2056,67.5,74,51,9.78
7,Solnechnyy,RU,2022-11-09 18:09:23,50.7214,136.6319,25.25,47,11,14.56
8,Klaksvik,FO,2022-11-09 18:06:16,62.2266,-6.589,49.12,93,79,21.0
9,Bengkulu,ID,2022-11-09 18:09:24,-3.8004,102.2655,74.97,93,100,3.53
10,East London,ZA,2022-11-09 18:09:24,-33.0153,27.9116,67.37,65,99,15.55
11,New Norfolk,AU,2022-11-09 18:09:24,-42.7826,147.0587,60.3,90,88,3.42
12,Hobart,AU,2022-11-09 18:07:08,-42.8794,147.3294,60.66,67,94,11.5
13,Bitung,ID,2022-11-09 18:09:25,1.4451,125.1824,76.05,83,99,4.32
14,Mataura,NZ,2022-11-09 18:09:25,-46.1927,168.8643,40.48,94,6,2.24
15,Davidson,US,2022-11-09 18:09:26,36.1501,-86.7833,78.4,34,20,4.61
16,Barrow,US,2022-11-09 18:09:26,71.2906,-156.7887,28.42,86,0,10.36
17,Bluff,NZ,2022-11-09 18:09:26,-46.6,168.3333,40.8,77,5,2.06
18,Maragogi,BR,2022-11-09 18:09:27,-9.0122,-35.2225,81.88,68,10,10.09
19,Geraldton,AU,2022-11-09 18:08:26,-28.7667,114.6,54.01,87,6,6.91
20,Hauzenberg,DE,2022-11-09 18:09:27,48.65,13.6333,49.86,92,85,1.34
21,Along,IN,2022-11-09 18:09:27,28.1667,94.7667,59.13,86,3,1.95
22,Vaini,TO,2022-11-09 18:09:28,-21.2,-175.2,76.46,81,88,22.19
23,Salalah,OM,2022-11-09 18:09:28,17.0151,54.0924,78.89,65,0,4.61
24,Rikitea,PF,2022-11-09 18:09:28,-23.1203,-134.9692,73.58,88,100,7.85
25,Ponta Delgada,PT,2022-11-09 18:09:28,37.7333,-25.6667,69.49,82,20,16.11
26,Comodoro Rivadavia,AR,2022-11-09 18:04:51,-45.8667,-67.5,78.66,19,0,14.97
27,Pangai,TO,2022-11-09 18:09:29,-19.8,-174.35,77.45,80,88,21.54
28,Arraial Do Cabo,BR,2022-11-09 18:09:29,-22.9661,-42.0278,75.06,78,40,11.5
29,Albany,US,2022-11-09 18:09:30,42.6001,-73.9662,52.03,40,2,1.99
30,Busselton,AU,2022-11-09 18:09:30,-33.65,115.3333,56.64,85,15,6.6
31,Traverse City,US,2022-11-09 18:04:53,44.7631,-85.6206,53.83,82,100,8.05
32,Tezu,IN,2022-11-09 18:09:30,27.9167,96.1667,64.78,57,40,4.05
33,Cape Town,ZA,2022-11-09 18:09:15,-33.9258,18.4232,62.28,65,28,11.99
34,Butaritari,KI,2022-11-09 18:09:31,3.0707,172.7902,80.78,81,86,15.12
35,Saint-Joseph,RE,2022-11-09 18:09:31,-21.3667,55.6167,71.98,80,61,9.75
36,Avarua,CK,2022-11-09 18:09:31,-21.2078,-159.775,75.25,78,40,8.05
37,Saint-Pierre,RE,2022-11-09 18:09:32,-21.3393,55.4781,73.08,68,0,6.91
38,Vila Velha,BR,2022-11-09 18:09:32,-20.3297,-40.2925,80.55,77,20,8.05
39,Itarema,BR,2022-11-09 18:07:11,-2.9248,-39.9167,85.15,60,100,15.66
40,Axim,GH,2022-11-09 18:09:32,4.8699,-2.2405,80.6,74,46,9.82
41,Menongue,AO,2022-11-09 18:09:33,-14.6585,17.691,77.34,43,54,3.65
42,Victoria,HK,2022-11-09 18:05:35,22.2855,114.1577,75.38,86,0,8.99
43,Singaraja,ID,2022-11-09 18:09:33,-8.112,115.0882,79.83,82,98,2.66
44,Touros,BR,2022-11-09 18:09:34,-5.1989,-35.4608,83.46,61,64,14.79
45,Kailua,US,2022-11-09 18:10:34,21.4022,-157.7394,78.78,80,26,5.01
46,Banda Aceh,ID,2022-11-09 18:10:35,5.5577,95.3222,78.58,84,88,6.06
47,Punta Arenas,CL,2022-11-09 18:10:35,-53.15,-70.9167,51.82,53,75,26.46
48,Hilo,US,2022-11-09 18:10:35,19.7297,-155.09,76.62,84,75,8.05
49,Irtyshskiy,RU,2022-11-09 18:10:36,58.3333,68.1333,31.64,98,100,8.21
50,Guiong,PH,2022-11-09 18:10:36,6.4186,122.0258,78.6,86,99,0.25
51,Tiksi,RU,2022-11-09 18:10:36,71.6872,128.8694,-8.23,95,100,8.88
52,Lebu,CL,2022-11-09 18:10:36,-37.6167,-73.65,60.49,68,92,16.42
53,Lavrentiya,RU,2022-11-09 18:10:37,65.5833,-171.0,21.45,84,98,6.64
54,Kamaishi,JP,2022-11-09 18:10:37,39.2667,141.8833,50.54,73,14,6.58
55,Port Alfred,ZA,2022-11-09 18:10:37,-33.5906,26.891,62.19,84,57,5.99
56,Pevek,RU,2022-11-09 18:10:38,69.7008,170.3133,-9.4,99,100,2.93
57,Makakilo City,US,2022-11-09 18:10:38,21.3469,-158.0858,77.32,71,0,14.97
58,Sorland,NO,2022-11-09 18:10:39,67.667,12.6934,39.42,62,9,15.12
59,Ribeira Grande,PT,2022-11-09 18:10:39,38.5167,-28.7,68.4,88,75,16.11
60,Yulara,AU,2022-11-09 18:10:39,-25.2406,130.9889,76.73,25,60,8.75
61,Buala,SB,2022-11-09 18:10:40,-8.145,159.5921,79.07,84,96,1.92
62,Bundaberg,AU,2022-11-09 18:07:49,-24.85,152.35,62.22,93,8,4.0
63,Kingston Upon Hull,GB,2022-11-09 18:10:40,53.7446,-0.3353,55.96,53,20,11.5
64,Mehamn,NO,2022-11-09 18:10:40,71.0357,27.8492,31.91,93,0,5.75
65,Sitka,US,2022-11-09 18:08:10,57.0531,-135.33,39.09,56,75,8.05
66,Lagoa,PT,2022-11-09 18:10:41,39.05,-27.9833,66.18,81,85,17.85
67,Coahuayana,MX,2022-11-09 18:10:41,18.7333,-103.6833,86.68,61,15,4.59
68,Gorontalo,ID,2022-11-09 18:10:41,0.5412,123.0595,75.69,94,98,2.33
69,Srikakulam,IN,2022-11-09 18:10:42,18.3,83.9,77.38,68,100,6.06
70,Rach Gia,VN,2022-11-09 18:10:42,10.0167,105.0833,78.78,83,100,5.1
71,Namibe,AO,2022-11-09 18:10:42,-15.1961,12.1522,68.86,74,3,13.51
72,Hermanus,ZA,2022-11-09 18:10:43,-34.4187,19.2345,59.81,64,56,10.22
73,Kaitangata,NZ,2022-11-09 18:10:43,-46.2817,169.8464,39.92,87,8,3.38
74,Vyazma,RU,2022-11-09 18:10:43,55.2104,34.2951,45.12,89,100,11.9
75,Doha,QA,2022-11-09 18:10:44,25.2867,51.5333,85.89,64,0,11.5
76,Bonanza,NI,2022-11-09 18:10:44,14.0289,-84.591,84.74,58,67,3.85
77,Port Hardy,CA,2022-11-09 18:10:45,50.6996,-127.4199,34.05,62,2,1.14
78,Dordrecht,NL,2022-11-09 18:10:45,51.81,4.6736,55.09,81,70,5.99
79,Soure,BR,2022-11-09 18:10:45,-0.7167,-48.5233,83.37,66,60,14.27
80,Berlevag,NO,2022-11-09 18:10:46,70.8578,29.0864,33.6,86,40,6.91
81,Mar Del Plata,AR,2022-11-09 18:10:20,-38.0023,-57.5575,81.82,73,0,20.0
82,Moose Factory,CA,2022-11-09 18:10:46,51.2585,-80.6094,39.2,81,100,4.61
83,Brae,GB,2022-11-09 18:10:47,60.3964,-1.353,51.15,82,76,26.6
84,Kapaa,US,2022-11-09 18:10:47,22.0752,-159.319,77.32,84,20,17.27
85,Airai,TL,2022-11-09 18:10:47,-8.9266,125.4092,61.79,93,38,1.81
86,Balakhninskiy,RU,2022-11-09 18:10:48,58.0106,114.2769,3.99,99,92,1.28
87,Galle,LK,2022-11-09 18:10:48,6.0367,80.217,77.23,85,100,1.66
88,Chuy,UY,2022-11-09 18:10:48,-33.6971,-53.4616,69.58,56,0,11.88
89,Souillac,MU,2022-11-09 18:11:49,-20.5167,57.5167,73.78,78,40,5.75
90,Puerto Palomas,MX,2022-11-09 18:11:49,31.7667,-107.6167,69.96,28,0,18.7
91,Bodden Town,KY,2022-11-09 18:09:07,19.2833,-81.25,84.99,65,100,9.31
92,Riviere-Au-Renard,CA,2022-11-09 18:11:49,48.9957,-64.3971,37.69,55,24,20.76
93,Turan,VN,2022-11-09 18:06:58,16.0678,108.2208,75.18,88,20,1.14
94,Vargashi,RU,2022-11-09 18:11:50,55.3556,65.8467,27.03,92,100,11.59
95,Luderitz,NA,2022-11-09 18:11:50,-26.6481,15.1594,63.25,67,98,22.44
96,Fortuna,US,2022-11-09 18:11:50,40.5982,-124.1573,53.92,93,0,5.75
97,Cervo,ES,2022-11-09 18:11:51,43.6702,-7.4101,58.96,87,23,4.05
98,Provideniya,RU,2022-11-09 18:11:51,64.3833,-173.3,23.68,91,100,3.6
99,Spassk,RU,2022-11-09 18:11:51,52.747,87.7545,25.47,92,94,4.72
100,Bambous Virieux,MU,2022-11-09 18:11:52,-20.3428,57.7575,73.65,78,40,5.75
101,Broome,US,2022-11-09 18:11:52,42.2506,-75.833,58.01,30,0,10.36
102,Aden,YE,2022-11-09 18:11:52,12.7794,45.0367,80.64,83,2,17.96
103,Methven,NZ,2022-11-09 18:11:53,-43.6333,171.65,45.91,99,100,1.99
104,Mosty U Jablunkova,CZ,2022-11-09 18:11:53,49.5274,18.7542,51.67,94,70,4.65
105,Torbay,CA,2022-11-09 18:11:53,47.6666,-52.7314,39.58,74,75,29.93
106,Caramay,PH,2022-11-09 18:11:54,10.1815,119.236,79.59,89,87,4.61
107,Brighton,GB,2022-11-09 18:11:54,50.8284,-0.1395,57.31,83,20,11.5
108,Kushalgarh,IN,2022-11-09 18:11:54,23.199,74.4507,74.41,40,0,1.77
109,Hithadhoo,MV,2022-11-09 18:11:55,-0.6,73.0833,82.15,77,91,16.84
110,Zhangye,CN,2022-11-09 18:11:55,38.9342,100.4517,39.92,34,43,1.41
111,Sestri Levante,IT,2022-11-09 18:11:56,44.2732,9.3968,66.63,92,100,3.0
112,Puerto Ayora,EC,2022-11-09 18:11:56,-0.7393,-90.3518,75.16,80,17,5.99
113,Vanavara,RU,2022-11-09 18:11:57,60.34,102.2797,20.1,91,100,10.27
114,Pisco,PE,2022-11-09 18:07:06,-13.7,-76.2167,69.85,68,0,9.22
115,Georgetown,MY,2022-11-09 18:08:35,5.4112,100.3354,81.9,86,20,0.0
116,Mount Gambier,AU,2022-11-09 18:11:58,-37.8333,140.7667,71.8,48,99,13.78
117,Chenghai,CN,2022-11-09 18:11:58,23.4632,116.768,71.04,88,0,3.24
118,Amga,RU,2022-11-09 18:11:59,60.8953,131.9608,-7.02,98,100,2.15
119,Ishinomaki,JP,2022-11-09 18:11:59,38.4167,141.3,49.3,74,31,4.85
120,Port Elizabeth,ZA,2022-11-09 18:11:59,-33.918,25.5701,63.1,89,75,11.5
121,Ust-Nera,RU,2022-11-09 18:12:00,64.5667,143.2,-26.91,99,86,4.83
122,Gidole,ET,2022-11-09 18:12:00,5.65,37.3667,62.62,59,100,3.27
123,San Juan,AR,2022-11-09 18:09:38,-31.5375,-68.5364,96.51,10,22,12.19
124,Kitimat,CA,2022-11-09 18:12:01,54.0524,-128.6534,20.91,56,44,1.01
125,Foz,ES,2022-11-09 18:12:01,43.5692,-7.2544,57.09,92,34,3.4
126,Gualeguay,AR,2022-11-09 18:12:01,-33.1416,-59.3097,87.53,16,80,12.39
127,Waitati,NZ,2022-11-09 18:08:51,-45.75,170.5667,43.41,82,10,2.95
128,Puerto Escondido,MX,2022-11-09 18:12:02,15.85,-97.0667,86.83,62,20,6.91
129,Druskininkai,LT,2022-11-09 18:12:02,54.0167,23.9667,48.29,79,100,8.48
130,Ascension,US,2022-11-09 18:11:29,30.2169,-90.9001,83.07,56,0,9.22
131,Narsaq,GL,2022-11-09 18:12:03,60.9167,-46.05,35.82,83,100,2.59
132,Dzerzhinskoye,RU,2022-11-09 18:12:03,56.8344,95.2283,24.73,84,80,7.49
133,Basco,PH,2022-11-09 18:12:04,20.4487,121.9702,80.47,81,100,10.98
134,Olenino,RU,2022-11-09 18:13:04,56.2092,33.4889,44.19,88,100,10.13
135,Asau,RO,2022-11-09 18:13:05,46.4333,26.4,43.72,77,12,3.83
136,Carnarvon,AU,2022-11-09 18:13:05,-24.8667,113.6333,65.84,70,28,13.04
137,Ancud,CL,2022-11-09 18:13:06,-41.8697,-73.8203,57.09,82,100,6.17
138,Lompoc,US,2022-11-09 18:12:07,34.6391,-120.4579,57.85,80,75,5.75
139,Nikolskoye,RU,2022-11-09 18:13:06,59.7035,30.7861,49.91,89,99,9.19
140,Poya,NC,2022-11-09 18:13:07,-21.35,165.15,72.03,87,89,8.1
141,Cabo San Lucas,MX,2022-11-09 18:11:56,22.8909,-109.9124,82.62,57,40,9.22
142,Kapuskasing,CA,2022-11-09 18:13:07,49.4169,-82.4331,41.0,93,100,9.22
143,Vilhena,BR,2022-11-09 18:13:08,-12.7406,-60.1458,93.42,31,0,6.91
144,Sile,TR,2022-11-09 18:13:08,41.1754,29.6133,52.57,63,1,8.72
145,Revda,RU,2022-11-09 18:12:02,56.801,59.9303,32.41,96,100,11.61
146,Srednekolymsk,RU,2022-11-09 18:13:09,67.45,153.6833,-8.54,99,100,1.99
147,Teya,RU,2022-11-09 18:13:09,60.3778,92.6267,22.3,87,100,10.45
148,Ola,RU,2022-11-09 18:13:10,59.5833,151.2833,-1.28,87,19,11.74
149,Sao Felix Do Xingu,BR,2022-11-09 18:13:10,-6.6447,-51.995,88.52,53,96,3.13
150,Ayan,RU,2022-11-09 18:13:10,56.45,138.1667,16.48,57,98,15.21
151,Furano,JP,2022-11-09 18:13:11,43.2818,142.4743,42.8,94,80,4.88
152,Yellowknife,CA,2022-11-09 18:13:11,62.456,-114.3525,9.12,85,100,13.8
153,Deqing,CN,2022-11-09 18:13:11,30.5448,119.9599,66.94,87,1,2.04
154,Metro,ID,2022-11-09 18:13:12,-5.1131,105.3067,74.34,94,100,7.94
155,Longyearbyen,SJ,2022-11-09 18:13:12,78.2186,15.6401,19.24,79,0,11.5
156,Bardiyah,LY,2022-11-09 18:13:13,31.7561,25.0865,66.96,60,0,7.09
157,Hirara,JP,2022-11-09 18:13:13,24.8,125.2833,77.32,81,79,15.61
158,Nadym,RU,2022-11-09 18:13:14,65.5333,72.5167,3.36,89,87,8.03
159,Kodiak,US,2022-11-09 18:10:45,57.79,-152.4072,36.91,87,100,16.11
160,Arkhara,RU,2022-11-09 18:13:14,49.4212,130.0842,24.24,59,0,10.42
161,Dikson,RU,2022-11-09 18:13:14,73.5069,80.5464,5.31,88,100,7.78
162,Surt,LY,2022-11-09 18:13:15,31.2089,16.5887,68.97,67,5,5.44
163,Cabedelo,BR,2022-11-09 18:10:36,-6.9811,-34.8339,84.87,65,27,11.79
164,Jiuquan,CN,2022-11-09 18:13:15,39.7432,98.5174,37.26,44,27,4.25
165,Cherskiy,RU,2022-11-09 18:13:16,68.75,161.3,-0.81,98,100,4.81
166,Hobyo,SO,2022-11-09 18:13:16,5.3505,48.5268,80.31,68,3,12.53
167,Dubbo,AU,2022-11-09 18:13:17,-32.25,148.6167,57.33,72,40,12.66
168,Iqaluit,CA,2022-11-09 18:13:17,63.7506,-68.5145,11.7,78,75,25.01
169,Jamestown,US,2022-11-09 18:13:17,42.097,-79.2353,62.19,25,0,9.22
170,Sabya,SA,2022-11-09 18:13:18,17.1495,42.6254,83.82,65,4,2.68
171,Seoul,KR,2022-11-09 18:11:34,37.5683,126.9778,49.44,73,100,1.05
172,Golden,US,2022-11-09 18:13:18,39.7555,-105.2211,68.97,20,31,1.01
173,Simao,CN,2022-11-09 18:13:19,22.7886,100.9748,54.9,82,8,1.52
174,Bethel,US,2022-11-09 18:13:14,41.3712,-73.414,54.18,36,0,5.75
175,Hofn,IS,2022-11-09 18:14:19,64.2539,-15.2082,42.82,81,75,10.36
176,Talnakh,RU,2022-11-09 18:14:20,69.4865,88.3972,-12.62,100,92,1.72
177,Pandan,PH,2022-11-09 18:14:20,14.0453,124.1694,79.84,89,94,7.52
178,Eureka,US,2022-11-09 18:14:21,40.8021,-124.1637,54.19,93,27,1.01
179,Manokwari,ID,2022-11-09 18:14:21,-0.8667,134.0833,78.42,79,100,4.36
180,Aklavik,CA,2022-11-09 18:13:27,68.2191,-135.0107,8.6,92,20,2.3
181,Cap-Aux-Meules,CA,2022-11-09 18:14:21,47.3821,-61.8597,39.25,60,75,24.16
182,Castro,BR,2022-11-09 18:14:22,-24.7911,-50.0119,74.71,34,2,6.89
183,Vardo,NO,2022-11-09 18:14:22,70.3705,31.1107,39.18,87,75,18.41
184,Atuona,PF,2022-11-09 18:14:22,-9.8,-139.0333,77.54,68,74,19.15
185,Karwar,IN,2022-11-09 18:13:35,14.8,74.1333,77.18,61,5,5.12
186,Gat,IL,2022-11-09 18:11:06,31.61,34.7642,65.39,100,3,4.38
187,Fernley,US,2022-11-09 18:14:23,39.608,-119.2518,42.03,69,84,8.37
188,East Moline,US,2022-11-09 18:13:22,41.5009,-90.4443,73.85,58,0,13.8
189,Laguna,US,2022-11-09 18:14:24,38.421,-121.4238,55.69,78,20,10.36
190,Cap Malheureux,MU,2022-11-09 18:14:24,-19.9842,57.6142,71.47,72,60,1.99
191,Luau,AO,2022-11-09 18:14:24,-10.7073,22.2247,66.42,93,100,6.17
192,San Cristobal,VE,2022-11-09 18:14:25,7.7669,-72.225,78.98,66,99,0.49
193,Winnemucca,US,2022-11-09 18:14:25,40.973,-117.7357,33.85,80,100,13.8
194,Tautira,PF,2022-11-09 18:14:26,-17.7333,-149.15,76.87,81,21,13.65
195,Cortez,US,2022-11-09 18:14:26,37.3489,-108.5859,56.16,24,0,24.16
196,Hirtshals,DK,2022-11-09 18:14:27,57.5881,9.9592,53.22,85,77,14.67
197,Ust-Ilimsk,RU,2022-11-09 18:14:27,58.0006,102.6619,15.49,95,94,5.88
198,Rio Viejo,CO,2022-11-09 18:14:27,8.5874,-73.839,85.53,72,97,3.51
199,Santiago,CL,2022-11-09 18:14:26,-33.4569,-70.6483,66.29,75,100,11.5
200,Zheshart,RU,2022-11-09 18:14:28,62.0731,49.5733,33.15,100,100,2.06
201,Cururupu,BR,2022-11-09 18:14:28,-1.8283,-44.8683,86.56,51,44,7.7
202,Nuuk,GL,2022-11-09 18:14:28,64.1835,-51.7216,18.21,57,75,4.61
203,Portland,US,2022-11-09 18:10:04,45.5234,-122.6762,44.53,78,0,4.61
204,Camana,PE,2022-11-09 18:10:08,-16.6228,-72.7111,68.36,71,16,7.2
205,Nouadhibou,MR,2022-11-09 18:14:29,20.931,-17.0347,71.58,78,0,12.66
206,Najran,SA,2022-11-09 18:10:51,17.4924,44.1277,71.6,24,6,3.87
207,Wahiawa,US,2022-11-09 18:13:14,21.5028,-158.0236,75.52,75,20,0.0
208,Panaba,MX,2022-11-09 18:14:29,21.2833,-88.2667,84.34,52,19,9.48
209,Erenhot,CN,2022-11-09 18:14:30,43.6475,111.9767,40.6,45,1,3.78
210,Nanortalik,GL,2022-11-09 18:14:30,60.1432,-45.2371,33.39,81,100,8.03
211,Humberto De Campos,BR,2022-11-09 18:14:31,-2.5983,-43.4611,88.41,49,63,10.63
212,Chokurdakh,RU,2022-11-09 18:14:31,70.6333,147.9167,-10.1,100,72,8.28
213,Tasiilaq,GL,2022-11-09 18:14:31,65.6145,-37.6368,32.16,78,99,9.13
214,Marrakesh,MA,2022-11-09 18:09:34,31.6315,-8.0083,72.43,30,75,8.88
215,Huangmei,CN,2022-11-09 18:14:32,30.1924,116.025,65.61,64,0,3.44
216,Queanbeyan,AU,2022-11-09 18:14:32,-35.35,149.2333,51.71,89,100,5.75
217,Erzin,TR,2022-11-09 18:14:32,36.9559,36.2,61.75,64,81,4.94
218,Bathsheba,BB,2022-11-09 18:14:33,13.2167,-59.5167,84.81,79,20,11.5
219,Grand Gaube,MU,2022-11-09 18:15:33,-20.0064,57.6608,73.8,72,71,1.99
220,Pampierstad,ZA,2022-11-09 18:15:33,-27.7832,24.6877,77.11,34,74,5.3
221,Yar-Sale,RU,2022-11-09 18:15:34,66.8333,70.8333,-1.34,98,22,4.43
222,Atar,MR,2022-11-09 18:15:34,20.5169,-13.0499,90.3,11,53,4.88
223,Paamiut,GL,2022-11-09 18:15:34,61.994,-49.6678,24.33,69,100,10.51
224,Esperance,AU,2022-11-09 18:15:35,-33.8667,121.9,56.75,79,47,5.66
225,Maceio,BR,2022-11-09 18:13:54,-9.6658,-35.7353,85.44,61,40,14.97
226,Poum,NC,2022-11-09 18:15:35,-20.2333,164.0167,76.06,75,63,20.29
227,Vila Franca Do Campo,PT,2022-11-09 18:15:35,37.7167,-25.4333,69.19,80,100,12.57
228,Moree,AU,2022-11-09 18:15:35,-29.4667,149.85,59.4,66,29,8.66
229,Moranbah,AU,2022-11-09 18:15:36,-22.0016,148.0466,65.61,73,72,11.68
230,Beni Mazar,EG,2022-11-09 18:15:36,28.4962,30.8029,68.07,37,0,7.54
231,Praia Da Vitoria,PT,2022-11-09 18:15:36,38.7333,-27.0667,68.25,88,40,23.94
232,San Fernando,PH,2022-11-09 18:15:37,15.0286,120.6898,83.93,88,95,4.34
233,Dunedin,NZ,2022-11-09 18:15:37,-45.8742,170.5036,44.17,80,10,3.74
234,Tanout,NE,2022-11-09 18:15:37,14.9709,8.8879,82.53,15,0,8.99
235,Kavieng,PG,2022-11-09 18:15:38,-2.5744,150.7967,82.67,75,96,6.55
236,Zalantun,CN,2022-11-09 18:15:38,48.0,122.7167,27.41,71,100,4.61
237,Labrea,BR,2022-11-09 18:15:38,-7.2586,-64.7981,99.5,30,49,2.98
238,Waddan,LY,2022-11-09 18:15:39,29.1614,16.139,67.95,49,0,7.63
239,Khatanga,RU,2022-11-09 18:15:39,71.9667,102.5,-12.12,100,99,3.69
240,Dukat,RU,2022-11-09 18:15:39,62.55,155.55,-15.92,98,100,5.26
241,Tuatapere,NZ,2022-11-09 18:15:40,-46.1333,167.6833,40.17,89,7,4.14
242,Garowe,SO,2022-11-09 18:15:40,8.4054,48.4845,76.95,71,59,17.18
243,Blois,FR,2022-11-09 18:11:30,47.5833,1.3333,53.98,78,80,6.02
244,Ewa Beach,US,2022-11-09 18:13:49,21.3156,-158.0072,78.75,71,0,14.97
245,Edson,CA,2022-11-09 18:15:41,53.5835,-116.4356,-5.66,84,0,1.14
246,Guozhen,CN,2022-11-09 18:15:41,34.3659,107.359,53.38,92,46,1.3
247,Cariati,IT,2022-11-09 18:15:41,39.4922,16.9594,62.01,75,2,6.08
248,Nemuro,JP,2022-11-09 18:15:42,43.3236,145.575,52.03,73,15,21.77
249,Clyde River,CA,2022-11-09 18:15:42,70.4692,-68.5914,-7.37,71,20,16.11
250,Umm Kaddadah,SD,2022-11-09 18:15:42,13.6017,26.6876,79.14,17,5,11.61
251,Dauphin,CA,2022-11-09 18:15:02,51.1494,-100.0502,14.14,73,20,5.75
252,Tessalit,ML,2022-11-09 18:15:43,20.1986,1.0114,80.11,9,3,9.13
253,Turbat,PK,2022-11-09 18:15:43,26.0023,63.044,77.95,63,10,4.21
254,Batuan,PH,2022-11-09 18:15:44,9.7808,124.1484,73.89,93,100,8.97
255,San Quintin,MX,2022-11-09 18:15:44,30.4833,-115.95,66.09,67,70,14.79
256,Tucson,US,2022-11-09 18:12:01,32.2217,-110.9265,73.2,30,0,13.8
257,Richards Bay,ZA,2022-11-09 18:15:45,-28.783,32.0377,72.57,88,34,11.48
258,Wurzen,DE,2022-11-09 18:15:45,51.3667,12.7333,56.16,75,100,12.5
259,George Town,MY,2022-11-09 18:11:44,5.4112,100.3354,81.9,86,20,0.0
260,Mananjary,MG,2022-11-09 18:15:46,-21.2167,48.3333,74.16,81,53,9.95
261,Burns Lake,CA,2022-11-09 18:15:47,54.2331,-125.7533,4.42,71,39,2.73
262,Hami,CN,2022-11-09 18:15:47,42.8,93.45,42.49,45,86,5.03
263,Mareeba,AU,2022-11-09 18:15:48,-17.0,145.4333,70.52,89,32,4.16
264,Susangerd,IR,2022-11-09 18:15:48,31.5608,48.1831,78.8,49,100,9.84
265,Nenjiang,CN,2022-11-09 18:15:49,49.1833,125.2167,23.31,52,1,4.0
266,Constitucion,CL,2022-11-09 18:15:49,-35.3333,-72.4167,54.63,93,100,13.38
267,Kyren,RU,2022-11-09 18:16:50,51.6828,102.1408,25.05,93,100,0.49
268,Mahebourg,MU,2022-11-09 18:16:50,-20.4081,57.7,73.69,78,40,5.75
269,Belmonte,BR,2022-11-09 18:16:51,-15.8631,-38.8828,76.46,81,100,4.79
270,Mbarara,UG,2022-11-09 18:16:51,-0.608,30.65,63.88,91,97,1.95
271,Mackay,AU,2022-11-09 18:15:52,-21.15,149.2,66.69,65,37,15.05
272,Saldanha,ZA,2022-11-09 18:16:52,-33.0117,17.9442,59.97,77,3,18.45
273,Frontera,MX,2022-11-09 18:16:52,26.9333,-101.45,80.33,56,72,1.01
274,Qaanaaq,GL,2022-11-09 18:16:52,77.484,-69.3632,-10.91,59,38,7.36
275,Hambantota,LK,2022-11-09 18:16:53,6.1241,81.1185,78.06,85,100,1.77
276,Macheng,CN,2022-11-09 18:16:53,31.1783,115.0319,64.47,59,8,3.31
277,Noumea,NC,2022-11-09 18:16:53,-22.2763,166.4572,75.99,99,87,10.89
278,Porto Murtinho,BR,2022-11-09 18:16:54,-21.6989,-57.8825,98.96,22,64,1.12
279,Skibbereen,IE,2022-11-09 18:16:55,51.55,-9.2667,56.1,91,90,21.36
280,Groton,US,2022-11-09 18:16:55,41.3501,-72.0784,54.88,51,0,6.91
281,Horsham,GB,2022-11-09 18:16:55,51.064,-0.3272,55.63,84,0,4.61
282,Guymon,US,2022-11-09 18:16:43,36.6828,-101.4816,66.2,72,100,26.46
283,Jalu,LY,2022-11-09 18:16:57,29.0331,21.5482,68.32,49,7,8.08
284,Huilong,CN,2022-11-09 18:16:57,31.8111,121.655,63.93,96,13,7.25
285,Fort Nelson,CA,2022-11-09 18:16:57,58.8053,-122.7002,-0.06,100,20,8.01
286,Jinxiang,CN,2022-11-09 18:16:58,27.4327,120.6062,67.91,89,99,6.13
287,Shingu,JP,2022-11-09 18:13:39,33.7333,135.9833,52.57,71,0,5.68
288,Dinguiraye,GN,2022-11-09 18:16:59,11.3,-10.7167,79.2,32,60,3.36
289,Bogorodskoye,RU,2022-11-09 18:16:59,56.55,37.8833,46.31,91,100,11.3
290,Alofi,NU,2022-11-09 18:16:59,-19.0595,-169.9187,76.37,74,61,21.41
291,Zaysan,KZ,2022-11-09 18:17:00,47.4667,84.8667,27.09,73,82,6.55
292,Yunhe,CN,2022-11-09 18:17:00,34.0833,119.7167,58.84,95,10,5.26
293,Christiana,ZA,2022-11-09 18:17:01,-27.914,25.1611,74.91,36,84,2.93
294,Guerrero Negro,MX,2022-11-09 18:17:02,27.9769,-114.0611,69.51,55,67,10.98
295,Greenville,US,2022-11-09 18:15:21,35.6127,-77.3663,66.22,64,100,11.5
296,Tieling,CN,2022-11-09 18:17:02,42.2931,123.8414,49.35,80,100,5.55
297,Kabo,CF,2022-11-09 18:17:03,7.6994,18.629,79.83,54,96,4.56
298,Henties Bay,NA,2022-11-09 18:15:07,-22.116,14.2845,60.55,86,2,9.13
299,Novoagansk,RU,2022-11-09 18:17:03,61.9449,76.6625,26.1,98,100,2.55
300,San Felipe,VE,2022-11-09 18:17:04,10.3399,-68.7425,88.45,56,100,3.44
301,Sao Filipe,CV,2022-11-09 18:17:04,14.8961,-24.4956,78.71,67,100,7.29
302,Tokur,RU,2022-11-09 18:17:05,53.1333,132.9,3.58,99,97,1.5
303,Vao,NC,2022-11-09 18:17:06,-22.6667,167.4833,73.2,80,72,17.0
304,Dingle,PH,2022-11-09 18:13:21,10.9995,122.6711,76.71,91,100,7.11
305,Boa Vista,BR,2022-11-09 18:17:06,2.8197,-60.6733,82.38,69,40,9.22
306,Chaplynka,UA,2022-11-09 18:17:06,46.3651,33.5403,45.52,55,7,5.7
307,Saint George,US,2022-11-09 18:14:44,37.1041,-113.5841,49.24,67,75,6.91
308,Tecoanapa,MX,2022-11-09 18:17:07,16.5167,-98.75,83.48,70,88,7.7
309,Luanda,AO,2022-11-09 18:17:07,-8.8368,13.2343,80.6,69,20,11.5
310,Isla Vista,US,2022-11-09 18:17:08,34.4133,-119.861,60.78,68,20,6.91
311,Hvide Sande,DK,2022-11-09 18:17:08,56.0045,8.1294,54.32,82,96,14.63
312,Faanui,PF,2022-11-09 18:17:09,-16.4833,-151.75,79.03,77,34,13.76
313,Namatanai,PG,2022-11-09 18:17:09,-3.6667,152.4333,80.49,80,95,5.35
314,Sudzha,RU,2022-11-09 18:17:09,51.1976,35.2726,42.48,90,56,6.04
315,Tevaitoa,PF,2022-11-09 18:18:10,-16.7833,-151.5,78.33,79,44,14.25
316,Xilagani,GR,2022-11-09 18:18:10,40.9833,25.4167,52.99,81,0,2.89
317,Aykhal,RU,2022-11-09 18:13:18,66.0,111.5,7.05,96,100,7.54
318,Rorvik,NO,2022-11-09 18:17:36,64.8621,11.2373,41.11,70,75,12.66
319,Merauke,ID,2022-11-09 18:18:11,-8.4667,140.3333,78.93,87,95,10.36
320,Xuddur,SO,2022-11-09 18:18:11,4.1213,43.8894,80.83,52,94,8.28
321,Pahrump,US,2022-11-09 18:15:47,36.2083,-115.9839,52.25,52,53,5.99
322,Kruisfontein,ZA,2022-11-09 18:18:12,-34.0033,24.7314,60.89,80,27,11.12
323,Faya,SA,2022-11-09 18:18:12,18.3851,42.4509,62.71,70,3,1.5
324,Yumen,CN,2022-11-09 18:18:13,40.2833,97.2,34.77,46,60,6.98
325,Moron,AR,2022-11-09 18:14:18,-34.6534,-58.6198,81.95,52,83,10.13
326,Olden,NO,2022-11-09 18:18:13,61.8364,6.8064,47.14,98,100,7.7
327,Kysyl-Syr,RU,2022-11-09 18:18:14,63.8986,122.7617,-4.77,100,100,1.66
328,Bilibino,RU,2022-11-09 18:18:14,68.0546,166.4372,-7.1,96,100,2.08
329,Husavik,IS,2022-11-09 18:18:14,66.0449,-17.3389,38.7,98,100,8.19
330,Shakawe,BW,2022-11-09 18:18:15,-18.3667,21.85,83.3,25,10,3.47
331,Kathu,TH,2022-11-09 18:18:15,7.9178,98.3332,85.75,82,60,10.56
332,Prieska,ZA,2022-11-09 18:18:16,-29.6641,22.7474,74.5,13,100,10.56
333,Saskylakh,RU,2022-11-09 18:18:16,71.9167,114.0833,-23.15,99,27,5.39
334,Ahipara,NZ,2022-11-09 18:18:17,-35.1667,173.1667,57.7,92,36,7.45
335,Mount Isa,AU,2022-11-09 18:18:17,-20.7333,139.5,71.37,78,100,8.05
336,Am Timan,TD,2022-11-09 18:18:18,11.0297,20.2827,82.56,24,4,4.07
337,Caravelas,BR,2022-11-09 18:18:18,-17.7125,-39.2481,77.68,71,97,8.19
338,Portobelo,PA,2022-11-09 18:18:19,9.55,-79.65,84.11,67,80,7.4
339,Margate,GB,2022-11-09 18:18:19,51.3813,1.3862,53.31,82,64,3.0
340,Hasaki,JP,2022-11-09 18:14:55,35.7333,140.8333,52.21,70,46,10.67
341,Santa Lucia,ES,2022-11-09 18:14:39,27.9117,-15.5407,65.77,68,20,20.71
342,Shar,KZ,2022-11-09 18:18:20,49.5886,81.0453,19.96,85,59,6.87
343,Ponta Do Sol,PT,2022-11-09 18:16:37,32.6667,-17.1,71.71,83,59,4.83
344,Meaux,FR,2022-11-09 18:18:20,48.9167,3.0,53.64,81,74,6.6
345,Casper,US,2022-11-09 18:18:20,42.8666,-106.3131,51.24,28,17,7.45
346,Areosa,PT,2022-11-09 18:18:21,41.7178,-8.8571,61.12,91,92,8.05
347,Port-Cartier,CA,2022-11-09 18:13:30,50.0334,-66.8654,34.02,36,63,6.22
348,Amapa,BR,2022-11-09 18:18:22,1.0,-52.0,81.73,88,83,3.69
349,North Bend,US,2022-11-09 18:15:47,43.4065,-124.2243,49.06,93,0,10.36
350,Waipawa,NZ,2022-11-09 18:18:23,-41.4122,175.5153,51.31,81,90,14.83
351,Bandarbeyla,SO,2022-11-09 18:18:23,9.4942,50.8122,79.57,79,21,9.57
352,Mapiripan,CO,2022-11-09 18:18:24,2.8892,-72.1256,83.66,73,89,4.56
353,Boo,SE,2022-11-09 18:18:24,59.3333,18.2833,49.77,93,0,5.75
354,Ilulissat,GL,2022-11-09 18:18:24,69.2167,-51.1,-8.03,77,42,5.35
355,Marzuq,YE,2022-11-09 18:18:25,14.4,46.4667,67.51,71,7,6.62
356,Krutikha,RU,2022-11-09 18:18:25,53.9599,81.2093,27.75,82,100,9.48
357,Petrozavodsk,RU,2022-11-09 18:18:25,61.7849,34.3469,35.06,100,100,0.0
358,Nouakchott,MR,2022-11-09 18:15:43,18.0858,-15.9785,82.33,60,75,14.12
359,Imbituba,BR,2022-11-09 18:18:26,-28.24,-48.6703,68.63,74,19,7.49
360,Luancheng,CN,2022-11-09 18:19:26,37.8792,114.6517,50.16,87,89,3.65
361,Vostok,RU,2022-11-09 18:19:27,46.4856,135.8833,22.86,68,53,9.24
362,Katsuura,JP,2022-11-09 18:19:27,35.1333,140.3,63.64,73,39,12.59
363,Mandalgovi,MN,2022-11-09 18:19:27,45.7625,106.2708,36.45,49,99,9.04
364,Terney,RU,2022-11-09 18:19:28,45.0503,136.6092,37.72,72,36,9.91
365,Saint-Leu,RE,2022-11-09 18:19:28,-21.15,55.2833,72.46,80,95,5.46
366,Preili,LV,2022-11-09 18:19:28,56.2944,26.7246,46.78,85,100,10.0
367,Petukhovo,RU,2022-11-09 18:19:29,55.0692,67.9019,27.97,91,100,11.56
368,Bonthe,SL,2022-11-09 18:19:29,7.5264,-12.505,81.09,74,68,7.9
369,Banjar,ID,2022-11-09 18:19:30,-8.19,114.9675,77.54,90,99,2.1
370,Kununurra,AU,2022-11-09 18:19:31,-15.7667,128.7333,80.58,89,6,1.14
371,Pilibanga,IN,2022-11-09 18:19:31,29.4916,74.079,68.79,54,11,8.08
372,Beyneu,KZ,2022-11-09 18:19:32,45.3167,55.2,39.74,72,26,9.98
373,Westport,US,2022-11-09 18:15:52,41.1415,-73.3579,55.44,49,0,8.05
374,Berbera,SO,2022-11-09 18:19:33,10.4396,45.0143,83.23,74,27,11.18
375,Vanimo,PG,2022-11-09 18:19:33,-2.6741,141.3028,77.77,87,99,5.26
376,Olinda,BR,2022-11-09 18:19:33,-8.0089,-34.8553,83.93,65,40,9.22
377,Kieta,PG,2022-11-09 18:19:34,-6.2167,155.6333,78.51,82,82,2.26
378,Samarai,PG,2022-11-09 18:19:34,-10.6167,150.6667,81.23,67,73,13.24
379,Babahoyo,EC,2022-11-09 18:19:34,-1.8167,-79.5167,84.92,49,97,4.41
380,San Patricio,US,2022-11-09 18:19:35,28.017,-97.5169,85.06,58,100,14.23
381,Tabou,CI,2022-11-09 18:19:36,4.423,-7.3528,79.11,81,93,7.09
382,Filadelfia,US,2022-11-09 18:15:07,39.9523,-75.1638,58.69,53,20,5.75
383,Voh,NC,2022-11-09 18:19:36,-20.9667,164.7,71.69,85,88,7.49
384,Port Hawkesbury,CA,2022-11-09 18:19:36,45.6169,-61.3485,42.39,76,83,15.01
385,Abnub,EG,2022-11-09 18:19:37,27.2696,31.1511,70.9,41,25,11.83
386,Catalina,US,2022-11-09 18:19:37,32.5056,-110.9211,71.26,31,1,8.99
387,Bibiani,GH,2022-11-09 18:19:37,6.4635,-2.3194,73.06,91,74,3.11
388,Tutoia,BR,2022-11-09 18:19:38,-2.7619,-42.2744,82.99,66,93,11.48
389,Terrace,CA,2022-11-09 18:19:38,54.5163,-128.6035,17.51,48,20,19.57
390,Chapadinha,BR,2022-11-09 18:19:39,-3.7417,-43.3603,93.06,31,52,3.47
391,Hualmay,PE,2022-11-09 18:19:40,-11.0964,-77.6139,68.5,71,32,10.2
392,Kutum,SD,2022-11-09 18:19:41,14.2,24.6667,72.97,20,13,12.28
393,Savannah Bight,HN,2022-11-09 18:19:41,16.45,-85.85,80.22,73,14,12.93
394,Killin,US,2022-11-09 18:19:41,33.6123,-91.7412,78.89,54,0,9.22
395,Sibolga,ID,2022-11-09 18:19:42,1.7427,98.7792,75.47,90,94,3.67
396,Opuwo,NA,2022-11-09 18:19:42,-18.0607,13.84,75.31,25,0,13.87
397,Tura,IN,2022-11-09 18:19:43,25.5198,90.2201,65.37,92,9,3.47
398,Kavaratti,IN,2022-11-09 18:19:43,10.5669,72.642,82.6,66,30,3.31
399,Tilichiki,RU,2022-11-09 18:19:44,60.4667,166.1,4.23,97,83,5.48
400,Coquimbo,CL,2022-11-09 18:19:44,-29.9533,-71.3436,58.73,88,100,11.5
401,Taltal,CL,2022-11-09 18:19:45,-25.4,-70.4833,65.86,64,14,6.8
402,Jacareacanga,BR,2022-11-09 18:19:45,-6.2222,-57.7528,89.08,53,87,4.18
403,Thunder Bay,CA,2022-11-09 18:18:46,48.4001,-89.3168,44.58,93,100,2.3
404,Abashiri,JP,2022-11-09 18:19:46,44.0213,144.2697,45.1,78,48,11.81
405,Rocha,UY,2022-11-09 18:16:27,-34.4833,-54.3333,73.2,47,2,12.93
406,Palmer,US,2022-11-09 18:20:46,42.1584,-72.3287,52.68,34,0,4.61
407,Niamey,NE,2022-11-09 18:20:47,13.5137,2.1098,89.19,17,0,5.82
408,Adrar,MR,2022-11-09 18:20:47,20.5022,-10.0711,82.85,12,59,9.64
409,Lugovoy,KZ,2022-11-09 18:20:47,42.9472,72.7644,34.0,76,19,5.14
410,Honningsvag,NO,2022-11-09 18:20:48,70.9821,25.9704,38.95,60,75,8.05
411,Jiangyou,CN,2022-11-09 18:20:48,31.7667,104.7167,63.16,83,99,1.63
412,Nantucket,US,2022-11-09 18:19:27,41.2835,-70.0995,53.71,63,0,9.22
413,Saint Simons,US,2022-11-09 18:20:49,31.1352,-81.3901,68.02,64,100,21.85
414,Saint-Augustin,CA,2022-11-09 18:20:49,51.226,-58.6502,33.75,35,8,18.72
415,Quthing,LS,2022-11-09 18:20:50,-30.4,27.7003,64.09,47,89,1.48
416,Sarahan,IN,2022-11-09 18:20:50,31.5167,77.8,44.13,86,100,1.39
417,Cockburn Town,TC,2022-11-09 18:20:50,21.4612,-71.1419,81.34,72,5,5.53
418,Te Anau,NZ,2022-11-09 18:20:51,-45.4167,167.7167,38.62,92,14,2.39
419,Coihaique,CL,2022-11-09 18:20:51,-45.5752,-72.0662,60.75,48,100,8.05
420,Byron Bay,AU,2022-11-09 18:20:16,-28.65,153.6167,56.95,79,51,9.55
421,Sharya,RU,2022-11-09 18:20:52,58.3686,45.5144,41.09,96,100,7.45
422,Taloqan,AF,2022-11-09 18:20:52,36.7361,69.5345,44.82,68,0,1.95
423,Zhanaozen,KZ,2022-11-09 18:20:52,43.3,52.8,41.22,62,18,11.27
424,Natal,BR,2022-11-09 18:18:54,-5.795,-35.2094,86.65,61,40,16.11
425,Sampit,ID,2022-11-09 18:20:53,-2.5333,112.95,73.56,98,92,2.57
426,Fare,PF,2022-11-09 18:20:53,-16.7,-151.0167,78.84,77,8,13.94
427,Bayaguana,DO,2022-11-09 18:20:54,18.7564,-69.6362,87.35,73,42,10.4
428,Lososina,RU,2022-11-09 18:20:54,48.9975,140.3106,31.23,48,33,19.15
429,Cantagallo,CO,2022-11-09 18:20:54,7.376,-73.9196,86.68,65,100,0.92
430,Cayenne,GF,2022-11-09 18:20:55,4.9333,-52.3333,84.24,79,75,3.44
431,Bermeo,ES,2022-11-09 18:20:55,43.4209,-2.7215,58.48,78,55,3.49
432,Aksarka,RU,2022-11-09 18:20:55,66.5606,67.7975,12.16,96,100,5.14
433,Oksfjord,NO,2022-11-09 18:20:56,70.2396,22.3479,37.58,87,11,13.06
434,Beringovskiy,RU,2022-11-09 18:20:56,63.05,179.3167,18.21,93,100,5.28
435,Emba,KZ,2022-11-09 18:20:56,48.8264,58.1442,30.87,83,20,5.53
436,Verkhoyansk,RU,2022-11-09 18:20:57,67.5447,133.385,-9.26,98,99,2.55
437,Alice Springs,AU,2022-11-09 18:20:57,-23.7,133.8833,67.55,77,72,0.0
438,Harnai,PK,2022-11-09 18:20:57,30.1005,67.9374,65.66,47,28,1.21
439,Kamiiso,JP,2022-11-09 18:20:58,41.8167,140.65,56.1,75,33,17.83
440,Bubaque,GW,2022-11-09 18:20:58,11.2833,-15.8333,83.3,68,57,10.89
441,Gunjur,GM,2022-11-09 18:20:58,13.2019,-16.7339,86.07,70,0,8.05
442,Parabel,RU,2022-11-09 18:20:59,58.6978,81.4825,23.74,90,100,9.55
443,Necochea,AR,2022-11-09 18:20:59,-38.5473,-58.7368,81.27,30,77,11.72
444,Ketchikan,US,2022-11-09 18:20:59,55.3422,-131.6461,27.46,52,72,3.18
445,Charcas,MX,2022-11-09 18:21:00,23.1333,-101.1167,66.2,45,15,5.35
446,Saint-Philippe,RE,2022-11-09 18:21:00,-21.3585,55.7679,72.99,80,66,9.01
447,Biak,ID,2022-11-09 18:21:00,-0.9131,122.8766,76.35,86,100,2.64
448,La Ronge,CA,2022-11-09 18:21:01,55.1001,-105.2842,3.45,78,20,5.75
449,Rangapara,IN,2022-11-09 18:21:01,26.8167,92.65,64.71,88,0,4.27
450,Pemba,MZ,2022-11-09 18:21:02,-12.974,40.5178,78.06,83,13,16.73
451,Houston,US,2022-11-09 18:19:15,29.7633,-95.3633,86.13,65,20,10.36
452,Sobolevo,RU,2022-11-09 18:21:02,54.4299,31.8996,45.63,92,100,11.27
453,Chara,RU,2022-11-09 18:22:03,56.9064,118.2631,7.09,70,48,2.46
454,Awjilah,LY,2022-11-09 18:22:03,29.1081,21.2869,68.16,49,8,8.19
455,Ust-Maya,RU,2022-11-09 18:22:04,60.4167,134.5333,-8.77,99,97,1.34
456,Nome,US,2022-11-09 18:18:00,64.5011,-165.4064,32.07,80,100,3.44
457,Laukaa,RU,2022-11-09 18:22:04,58.7372,29.8453,45.99,91,86,7.87
458,Anadyr,RU,2022-11-09 18:22:05,64.75,177.4833,16.3,85,75,11.18
459,Pingliang,CN,2022-11-09 18:22:05,35.5392,106.6861,46.63,90,80,3.27
460,Saint-Georges,GD,2022-11-09 18:19:04,12.0564,-61.7485,80.64,84,100,8.55
461,Lorengau,PG,2022-11-09 18:22:05,-2.0226,147.2712,81.19,75,84,2.62
462,Bosaso,SO,2022-11-09 18:22:06,11.2842,49.1816,80.98,78,27,3.83
463,Codrington,AU,2022-11-09 18:22:06,-38.2667,141.9667,70.86,51,100,17.25
464,Thompson,CA,2022-11-09 18:22:07,55.7435,-97.8558,8.76,78,75,8.05
465,Pitsunda,GE,2022-11-09 18:22:07,43.1592,40.3378,51.98,80,100,7.45
466,Ulaanbaatar,MN,2022-11-09 18:17:52,47.9077,106.8832,14.13,85,40,2.24
467,Kiunga,PG,2022-11-09 18:22:08,-6.1219,141.2906,72.52,99,100,0.98
468,Payakumbuh,ID,2022-11-09 18:22:08,-0.2202,100.6308,70.05,96,100,1.01
469,Shache,CN,2022-11-09 18:22:08,38.4167,77.2406,45.37,21,100,3.29
470,Ust-Omchug,RU,2022-11-09 18:22:09,61.15,149.6333,-21.03,100,92,0.74
471,Sassandra,CI,2022-11-09 18:22:09,4.95,-6.0833,79.41,79,50,6.76
472,Topchanchi,IN,2022-11-09 18:22:09,23.9,86.2,69.1,55,0,3.74
473,Whitehorse,CA,2022-11-09 18:19:07,60.7161,-135.0538,14.77,85,75,16.11
474,Weihe,CN,2022-11-09 18:22:10,32.9952,105.3247,53.02,97,99,1.92
475,Grindavik,IS,2022-11-09 18:22:10,63.8424,-22.4338,42.75,87,0,4.61
476,Lac Du Bonnet,CA,2022-11-09 18:22:11,50.2536,-96.0612,30.63,83,100,9.66
477,Broken Hill,AU,2022-11-09 18:22:11,-31.95,141.4333,72.91,41,99,20.65
478,Karoi,ZW,2022-11-09 18:19:12,-16.8099,29.6925,71.53,58,66,5.14
479,Houma,US,2022-11-09 18:22:11,29.5958,-90.7195,80.6,60,0,11.5
480,Satapuala,WS,2022-11-09 18:22:12,-13.8354,-171.9796,76.66,94,75,4.61
481,Vila Do Maio,CV,2022-11-09 18:22:12,15.1333,-23.2167,84.99,67,96,11.61
482,Kota Belud,MY,2022-11-09 18:22:13,6.351,116.4305,76.66,90,95,3.49
483,Alpena,US,2022-11-09 18:22:14,45.0617,-83.4327,58.1,55,75,8.05
484,Half Moon Bay,US,2022-11-09 18:22:02,37.4636,-122.4286,58.57,76,20,11.5
485,Stonewall,CA,2022-11-09 18:22:14,50.1344,-97.3268,28.71,68,99,12.44
486,Tabuk,PH,2022-11-09 18:22:15,17.4189,121.4443,73.49,92,81,2.62
487,Acapulco,MX,2022-11-09 18:21:30,16.8634,-99.8901,84.02,74,0,9.22
488,Ferkessedougou,CI,2022-11-09 18:22:16,9.6,-5.2,83.14,28,27,2.59
489,Kudahuvadhoo,MV,2022-11-09 18:22:16,2.6708,72.8944,80.56,76,80,13.29
490,Roros,NO,2022-11-09 18:22:17,62.5747,11.3842,31.84,93,40,0.0
491,Svetlyy,RU,2022-11-09 18:22:17,54.675,20.1347,51.85,83,100,12.3
492,Orange,US,2022-11-09 18:22:17,33.7,-117.7675,62.22,66,20,4.61
493,Oistins,BB,2022-11-09 18:22:18,13.0667,-59.5333,84.29,79,20,11.5
494,Balkhash,KZ,2022-11-09 18:22:18,46.844,74.9804,33.44,72,100,6.8
495,Hilton Head Island,US,2022-11-09 18:19:02,32.2163,-80.7526,69.85,66,75,20.71
496,Muros,ES,2022-11-09 18:22:18,42.7762,-9.0603,62.17,92,90,11.01
497,Carutapera,BR,2022-11-09 18:22:19,-1.195,-46.02,84.9,57,12,10.31
498,Kashi,CN,2022-11-09 18:22:19,39.4547,75.9797,40.21,13,15,6.71
499,Zhicheng,CN,2022-11-09 18:23:20,30.2956,111.5047,65.01,66,0,3.13
500,Atasu,KZ,2022-11-09 18:23:20,48.6814,71.6433,27.28,97,100,8.75
501,Barbastro,ES,2022-11-09 18:23:20,42.0356,0.1269,59.18,66,97,5.57
502,Dinar,TR,2022-11-09 18:23:21,38.065,30.1656,48.16,60,19,5.14
503,Pangnirtung,CA,2022-11-09 18:23:21,66.1451,-65.7125,14.0,73,40,4.61
504,Cherdyn,RU,2022-11-09 18:23:22,60.403,56.4787,32.41,99,100,3.67
505,Chateaubelair,VC,2022-11-09 18:23:22,13.2833,-61.25,82.92,84,40,0.0
506,Hamilton,US,2022-11-09 18:22:01,39.1834,-84.5333,72.9,30,0,5.75
507,Nalut,LY,2022-11-09 18:23:22,30.3333,10.85,66.2,30,71,5.97
508,Eschborn,DE,2022-11-09 18:23:23,50.1333,8.55,56.41,94,0,11.5
509,Rio Branco Do Sul,BR,2022-11-09 18:23:24,-25.19,-49.3142,79.25,34,10,6.87
510,Gobabis,NA,2022-11-09 18:23:25,-22.45,18.9667,81.81,17,32,4.56
511,General Roca,AR,2022-11-09 18:21:37,-39.0333,-67.5833,92.7,19,75,11.1
512,Saint Anthony,US,2022-11-09 18:23:25,45.0205,-93.218,63.14,94,100,11.5
513,Bayir,TR,2022-11-09 18:23:25,37.2687,28.2167,52.32,55,1,3.85
514,Libreville,GA,2022-11-09 18:23:27,0.3925,9.4537,78.76,86,100,9.22
515,Bridgetown,BB,2022-11-09 18:22:49,13.1,-59.6167,84.69,79,20,11.5
516,Wenling,CN,2022-11-09 18:23:27,28.3669,121.36,65.66,92,53,3.42
517,Gien,FR,2022-11-09 18:23:28,47.6933,2.6309,51.55,81,88,6.42
518,Antofagasta,CL,2022-11-09 18:22:36,-23.65,-70.4,67.28,59,22,6.93
519,Soldotna,US,2022-11-09 18:23:28,60.4878,-151.0583,34.07,91,100,26.46
520,Deputatskiy,RU,2022-11-09 18:23:29,69.3,139.9,-8.73,94,100,4.7
521,Price,US,2022-11-09 18:23:29,39.5994,-110.8107,38.12,86,100,8.05
522,Santa Maria,BR,2022-11-09 18:23:29,-29.6842,-53.8069,76.3,44,20,16.11
523,Port Lincoln,AU,2022-11-09 18:23:30,-34.7333,135.8667,61.39,82,98,13.49
524,Yinchuan,CN,2022-11-09 18:22:48,38.4681,106.2731,48.7,66,0,2.82
525,Lasa,IT,2022-11-09 18:23:30,46.6166,10.7002,50.88,98,99,3.15
526,Pont-Sainte-Maxence,FR,2022-11-09 18:21:59,49.3017,2.6047,55.15,76,72,6.02
527,Kinshasa,CD,2022-11-09 18:19:02,-4.3246,15.3215,74.52,87,99,1.01
528,Isabela,PH,2022-11-09 18:23:31,6.7085,121.9711,77.05,86,98,2.57
529,Ornskoldsvik,SE,2022-11-09 18:23:31,63.2909,18.7153,32.95,100,100,8.05
530,Dhidhdhoo,MV,2022-11-09 18:23:32,6.8833,73.1,81.48,75,51,7.34
531,Taoudenni,ML,2022-11-09 18:23:32,22.6783,-3.9836,83.05,11,51,7.85
532,Zabid,YE,2022-11-09 18:23:32,14.1951,43.3152,83.35,57,3,8.01
533,Onguday,RU,2022-11-09 18:21:27,50.75,86.15,9.19,94,33,2.08
534,Dong Hoi,VN,2022-11-09 18:23:33,17.4833,106.6,73.76,89,79,8.77
535,Agadez,NE,2022-11-09 18:23:33,19.75,10.25,70.7,20,0,7.76
536,Itamarandiba,BR,2022-11-09 18:23:34,-17.8572,-42.8589,84.67,32,91,4.72
537,Qaqortoq,GL,2022-11-09 18:23:34,60.7167,-46.0333,29.48,83,100,2.66
538,Palestine,PS,2022-11-09 18:23:34,31.9216,35.2033,56.93,85,9,7.09
539,Piney Green,US,2022-11-09 18:23:35,34.716,-77.3202,68.02,68,100,19.57
540,Paragominas,BR,2022-11-09 18:23:35,-2.9667,-47.4833,86.43,55,97,5.19
541,Emerald,AU,2022-11-09 18:23:36,-23.5333,148.1667,60.35,82,69,7.92
542,Andrews,US,2022-11-09 18:19:48,32.3187,-102.5457,75.6,61,0,24.16
543,Fuyu,CN,2022-11-09 18:23:36,45.1833,124.8167,35.51,59,59,6.96
544,Conceicao Do Araguaia,BR,2022-11-09 18:23:36,-8.2578,-49.2647,88.66,54,100,4.27
545,Mandiana,GN,2022-11-09 18:24:37,10.6333,-8.6833,83.25,26,34,2.48
546,Monroe,US,2022-11-09 18:23:34,43.1501,-77.6831,66.49,29,20,8.05
547,Porto Walter,BR,2022-11-09 18:24:37,-8.2686,-72.7439,99.03,27,58,3.22
548,Xining,CN,2022-11-09 18:24:38,36.6167,101.7667,42.19,60,1,1.19
549,Kudinovo,RU,2022-11-09 18:24:38,54.9994,36.2533,44.51,92,98,11.9
550,Gao,ML,2022-11-09 18:24:39,16.6362,1.637,81.64,10,1,9.08
551,Severo-Kurilsk,RU,2022-11-09 18:24:39,50.6789,156.125,34.38,67,25,9.71
552,Putai,FR,2022-11-09 18:24:39,46.6579,1.9863,52.99,92,100,5.59
553,Ucluelet,CA,2022-11-09 18:24:40,48.9329,-125.5528,41.31,93,9,1.54
554,Avera,US,2022-11-09 18:24:40,33.194,-82.5271,65.55,49,99,17.52
555,Kindu,CD,2022-11-09 18:24:40,-2.95,25.95,67.95,99,100,2.21
556,Gayny,RU,2022-11-09 18:24:41,60.3071,54.3241,34.16,99,100,5.84
557,Kismayo,SO,2022-11-09 18:22:27,-0.3582,42.5454,78.4,86,60,8.21
558,Nelson Bay,AU,2022-11-09 18:24:41,-32.7167,152.15,61.0,97,1,4.0
559,Sulphur Springs,US,2022-11-09 18:24:41,33.1385,-95.6011,80.55,57,75,9.22
560,Bambanglipuro,ID,2022-11-09 18:24:42,-7.95,110.2833,77.52,85,100,2.44
561,Kovernino,RU,2022-11-09 18:24:42,57.1253,43.8142,41.18,97,100,7.61
562,Bethanien,NA,2022-11-09 18:24:42,-26.502,17.1583,75.43,17,85,15.03
563,Aldan,RU,2022-11-09 18:24:43,58.6031,125.3894,14.13,94,100,10.13
564,Tiarei,PF,2022-11-09 18:24:43,-17.5333,-149.3333,80.62,82,12,15.46
565,Vrangel,RU,2022-11-09 18:24:43,42.7297,133.0839,45.3,68,84,7.27
566,Maungatapere,NZ,2022-11-09 18:24:44,-35.75,174.2,53.76,99,61,0.89
567,Suntar,RU,2022-11-09 18:24:44,62.1444,117.6319,19.67,94,99,7.85
568,Dali,CN,2022-11-09 18:24:44,25.7,100.1833,48.92,84,1,4.43
569,Novyy Nekouz,RU,2022-11-09 18:24:45,57.9029,38.07,46.87,93,100,10.96
570,Northfield,US,2022-11-09 18:24:45,44.4583,-93.1616,68.0,81,75,16.11
571,Mahibadhoo,MV,2022-11-09 18:24:46,3.7833,72.9667,80.82,75,100,11.05
572,Usinsk,RU,2022-11-09 18:24:46,65.9939,57.5281,26.82,95,100,7.34
573,Visby,SE,2022-11-09 18:24:47,57.6409,18.296,52.05,93,0,13.8
574,Juneau,US,2022-11-09 18:24:47,58.3019,-134.4197,31.21,89,75,0.0
575,Umm Lajj,SA,2022-11-09 18:24:48,25.0213,37.2685,75.42,57,0,9.13
576,Sal Rei,CV,2022-11-09 18:24:48,16.1833,-22.9167,80.8,74,40,16.11
577,Pasighat,IN,2022-11-09 18:24:16,28.0667,95.3333,64.11,62,0,3.69
578,Tiznit,MA,2022-11-09 18:24:49,29.5833,-9.5,67.33,48,59,4.47
579,Marshall,US,2022-11-09 18:24:49,34.3834,-86.3333,74.08,28,0,9.22
